frame,hip_x,hip_y,hip_z,hip_parent,hip_abdomen,hip_lButtock,hip_rButtock,abdomen_x,abdomen_y,abdomen_z,abdomen_parent,abdomen_chest,chest_x,chest_y,chest_z,chest_parent,chest_lCollar,chest_neck,chest_rCollar,neck_x,neck_y,neck_z,neck_parent,neck_neck1,neck1_x,neck1_y,neck1_z,neck1_parent,neck1_head,head_x,head_y,head_z,head_parent,rCollar_x,rCollar_y,rCollar_z,rCollar_parent,rCollar_rShldr,rShldr_x,rShldr_y,rShldr_z,rShldr_parent,rShldr_rForeArm,rForeArm_x,rForeArm_y,rForeArm_z,rForeArm_parent,rForeArm_rHand,rHand_x,rHand_y,rHand_z,rHand_parent,lCollar_x,lCollar_y,lCollar_z,lCollar_parent,lCollar_lShldr,lShldr_x,lShldr_y,lShldr_z,lShldr_parent,lShldr_lForeArm,lForeArm_x,lForeArm_y,lForeArm_z,lForeArm_parent,lForeArm_lHand,lHand_x,lHand_y,lHand_z,lHand_parent,rButtock_x,rButtock_y,rButtock_z,rButtock_parent,rButtock_rThigh,rThigh_x,rThigh_y,rThigh_z,rThigh_parent,rThigh_rShin,rShin_x,rShin_y,rShin_z,rShin_parent,rShin_rFoot,rFoot_x,rFoot_y,rFoot_z,rFoot_parent,lButtock_x,lButtock_y,lButtock_z,lButtock_parent,lButtock_lThigh,lThigh_x,lThigh_y,lThigh_z,lThigh_parent,lThigh_lShin,lShin_x,lShin_y,lShin_z,lShin_parent,lShin_lFoot,lFoot_x,lFoot_y,lFoot_z,lFoot_parent,
0,19.67,-4.7957,-14.2253,0,120.297,108.833,110.922,0,0,0,120.297,0.360452,0,0,0,0.360452,14.0707,3.26219,14.0707,5.5864,7.1131,-0.8605,3.26219,27.6192,0,0,0,27.6192,0,-23.3269,14.5055,6.8181,0,0,0,0,14.0707,96.6539,29.2712,40.2002,27.0182,96.6539,44.5461,-32.7724,72.772,-22.9551,44.5461,85.6035,-10.6004,-3.0571,-3.965,85.6035,0,0,0,14.0707,96.6539,21.6903,8.7186,-70.9944,96.6539,61.2292,-27.9706,-61.0116,23.3845,61.2292,73.3518,-10.0289,2.1994,5.5821,73.3518,0,0,0,110.922,111.594,-11.6876,-3.3654,-24.0162,111.594,68.2035,26.0044,1.6361,-3.0842,68.2035,33.7039,-16.2037,-15.9487,-4.7285,33.7039,0,0,0,108.833,111.594,-9.7608,2.1406,5.5087,111.594,63.205,17.5005,-0.2557,3.7732,63.205,25.2619,-14.87,11.5963,15.9285,25.2619,
1,19.5617,-4.7693,-14.1469,0,120.196,108.792,110.897,0,0,0,120.196,0.360452,0,0,0,0.360452,14.0707,3.26231,14.0707,5.5557,7.074,-0.8558,3.26231,27.5883,0,0,0,27.5883,0,-23.1985,14.4257,6.7805,0,0,0,0,14.0707,96.6539,29.1101,39.9788,26.8694,96.6539,44.1927,-32.592,72.3713,-22.8287,44.1927,85.0916,-10.542,-3.0403,-3.9432,85.0916,0,0,0,14.0707,96.6539,21.5709,8.6706,-70.6035,96.6539,60.8781,-27.8166,-60.6756,23.2558,60.8781,72.9121,-9.9737,2.1873,5.5513,72.9121,0,0,0,110.897,111.594,-11.6233,-3.3469,-23.8839,111.594,68.1067,25.8612,1.6271,-3.0672,68.1067,33.56,-16.1144,-15.8609,-4.7025,33.56,0,0,0,108.792,111.594,-9.7071,2.1288,5.4783,111.594,63.1494,17.4041,-0.2543,3.7524,63.1494,25.164,-14.7881,11.5324,15.8407,25.164,
2,19.5429,-4.7647,-14.1334,0,120.179,108.785,110.893,0,0,0,120.179,0.360994,0,0,0,0.360994,14.0707,3.26219,14.0707,5.5504,7.0672,-0.8549,3.26219,27.583,0,0,0,27.583,0,-23.1762,14.4119,6.774,0,0,0,0,14.0707,96.6539,29.0822,39.9405,26.8437,96.6539,44.1316,-32.5607,72.302,-22.8068,44.1316,85.0031,-10.5319,-3.0374,-3.9394,85.0031,0,0,0,14.0707,96.6539,21.5502,8.6622,-70.5359,96.6539,60.8174,-27.7899,-60.6175,23.2335,60.8174,72.8361,-9.9642,2.1852,5.546,72.8361,0,0,0,110.893,111.594,-11.6121,-3.3436,-23.8611,111.594,68.09,25.8365,1.6256,-3.0643,68.09,33.5351,-16.099,-15.8457,-4.698,33.5351,0,0,0,108.785,111.594,-9.6978,2.1268,5.4731,111.594,63.1398,17.3875,-0.2541,3.7489,63.1398,25.1472,-14.7739,11.5214,15.8256,25.1472,
3,18.622,-3.1288,-13.2091,0,119.378,107.241,111.923,0,0,0,119.378,0.359365,0,0,0,0.359365,14.0707,3.26213,14.0707,5.716,7.1665,-0.7423,3.26213,27.7356,0,0,0,27.7356,0,-23.2188,14.8131,7.0982,0,0,0,0,14.0707,96.6539,31.1963,42.0616,26.8429,96.6539,46.5805,-29.9101,74.416,-20.5553,46.5805,84.7141,-10.7761,-3.0532,-3.9475,84.7141,0,0,0,14.0707,96.6539,21.8748,11.8065,-73.9842,96.6539,63.7303,-28.5762,-63.79,26.3817,63.7303,77.9223,-9.9072,2.1609,5.5398,77.9223,0,0,0,111.923,111.594,-13.4269,-1.9711,-21.232,111.594,69.1926,26.3117,1.3743,-2.8727,69.1926,33.9931,-15.1613,-13.3966,-4.6894,33.9931,0,0,0,107.241,111.594,-11.3581,1.5995,6.005,111.594,64.8316,16.4729,-0.2148,2.9632,64.8316,24.1651,-14.0411,9.7407,15.8222,24.1651,
4,16.229,1.2242,-10.8156,0,117.303,103.228,114.611,0,0,0,117.303,0.360452,0,0,0,0.360452,14.0707,3.26225,14.0707,6.184,7.4882,-0.4363,3.26225,28.1689,0,0,0,28.1689,0,-23.4252,16.1733,7.5649,0,0,0,0,14.0707,96.6539,36.9626,47.9136,26.8215,96.6539,53.4028,-22.882,79.4326,-14.8275,53.4028,84.3567,-11.8513,-3.3212,-4.0126,84.3567,0,0,0,14.0707,96.6539,26.5344,15.424,-79.6225,96.6539,67.48,-30.4964,-71.6961,33.7345,67.48,90.0932,-9.6094,2.0643,5.5996,90.0932,0,0,0,114.611,111.594,-18.0086,1.3752,-14.2327,111.594,72.3409,27.5952,0.714,-2.284,72.3409,35.2363,-12.6844,-6.9599,-4.6477,35.2363,0,0,0,103.228,111.594,-15.9904,0.036,7.5647,111.594,69.5663,14.2968,-0.1116,0.9027,69.5663,21.9102,-12.1024,5.0606,15.8024,21.9102,
5,13.5423,5.3678,-8.5269,0,115.041,99.5155,116.85,0,0,0,115.041,0.359909,0,0,0,0.359909,14.0707,3.26225,14.0707,6.7184,7.857,-0.2207,3.26225,28.6769,0,0,0,28.6769,0,-23.7734,17.3601,8.0786,0,0,0,0,14.0707,96.6539,43.3094,54.5111,26.8159,96.6539,61.1846,-15.7631,82.7051,-10.6761,61.1846,84.0987,-12.248,-3.6698,-4.089,84.0987,0,0,0,14.0707,96.6539,33.3303,15.1935,-81.9523,96.6539,67.9756,-32.5248,-78.7555,39.9214,67.9756,100.529,-9.465,1.9335,5.7124,100.529,0,0,0,116.85,111.594,-21.0085,3.0799,-7.964,111.594,74.591,28.7032,0.1124,-1.7735,74.591,36.3194,-10.424,-1.0959,-4.6068,36.3194,0,0,0,99.5155,111.594,-19.8174,-1.2098,9.028,111.594,73.5029,12.8871,-0.0176,-1.0491,73.5029,20.5952,-10.3324,0.7968,15.795,20.5952,
6,12.1043,7,-7.6852,0,113.989,98.2455,117.402,0,0,0,113.989,0.359909,0,0,0,0.359909,14.0707,3.26213,14.0707,7.1702,7.9355,-0.2243,3.26213,29.1261,0,0,0,29.1261,0,-24.3346,17.085,8.9754,0,0,0,0,14.0707,96.6539,46.6869,58.362,26.8281,96.6539,65.6889,-12.4736,82.7365,-10.3423,65.6889,83.2583,-10.8233,-3.7171,-4.1114,83.2583,0,0,0,14.0707,96.6539,34.614,17.889,-83.6433,96.6539,68.3731,-33.3311,-82.2415,43.3641,68.3731,105.57,-9.7141,1.8695,5.7797,105.57,0,0,0,117.402,111.594,-21.1221,1.9855,-5.7546,111.594,74.5525,29.0883,-0.1019,-1.8391,74.5525,36.7011,-9.6176,0.9935,-4.6097,36.7011,0,0,0,98.2455,111.594,-20.5272,-1.3132,9.4693,111.594,74.2508,13.4879,0.0159,-2.0992,74.2508,21.3146,-9.7007,-0.7224,15.8011,21.3146,
7,12.7292,6.8339,-8.0138,0,114.766,98.9374,117.252,0,0,0,114.766,0.359909,0,0,0,0.359909,14.0707,3.26225,14.0707,7.4771,7.8441,-0.1577,3.26225,29.4277,0,0,0,29.4277,0,-25.0578,16.7132,9.4345,0,0,0,0,14.0707,96.6539,46.288,58.9074,26.8294,96.6539,66.0968,-11.7075,83.1852,-9.9268,66.0968,83.4171,-9.719,-3.6556,-4.1231,83.4171,0,0,0,14.0707,96.6539,33.8616,22.0515,-84.5776,96.6539,68.2536,-32.6154,-84.2874,45.6071,68.2536,107.738,-9.7463,1.8769,5.7973,107.738,0,0,0,117.252,111.594,-22.6073,2.0503,-5.0468,111.594,75.9963,29.9036,-0.0902,-2.2173,75.9963,37.5237,-9.3762,0.8797,-4.6135,37.5237,0,0,0,98.9374,111.594,-21.0458,-1.3841,9.6261,111.594,74.7817,14.8953,0.0141,-2.6595,74.7817,22.7878,-9.5116,-0.6396,15.7975,22.7878,
8,14.0352,6.1729,-8.4595,0,115.992,100.168,116.858,0,0,0,115.992,0.360452,0,0,0,0.360452,14.0707,3.26219,14.0707,7.722,7.9073,0.0573,3.26219,29.6536,0,0,0,29.6536,0,-25.2544,17.2705,9.5396,0,0,0,0,14.0707,96.6539,44.8129,57.9913,26.8241,96.6539,64.8415,-10.864,84.31,-8.7821,64.8415,84.0747,-9.9475,-3.6151,-4.1168,84.0747,0,0,0,14.0707,96.6539,35.2514,21.4139,-83.9537,96.6539,67.3827,-30.436,-83.3497,44.3933,67.3827,105.026,-9.5623,1.8863,5.7631,105.026,0,0,0,116.858,111.594,-25.313,3.9103,-4.1251,111.594,78.6534,31.1555,-0.0315,-2.9784,78.6534,38.7995,-8.9513,0.3067,-4.5984,38.7995,0,0,0,100.168,111.594,-21.9992,-1.782,9.8812,111.594,75.7537,15.8966,0.0049,-2.9499,75.7537,23.821,-9.1789,-0.223,15.7928,23.821,
9,14.2632,5.9944,-8.3429,0,116.019,100.62,116.406,0,0,0,116.019,0.360994,0,0,0,0.360994,14.0707,3.26225,14.0707,7.6704,7.9774,0.3591,3.26225,29.5791,0,0,0,29.5791,0,-24.6639,16.6164,8.9079,0,0,0,0,14.0707,96.6539,44.9344,57.256,26.5585,96.6539,63.9663,-10.7837,84.4198,-9.0224,63.9663,84.2154,-10.9865,-3.5857,-4.0957,84.2154,0,0,0,14.0707,96.6539,36.9313,18.7339,-85.8278,96.6539,69.4066,-26.9617,-79.1526,40.0804,69.4066,97.596,-9.3224,1.8971,5.7141,97.596,0,0,0,116.406,111.594,-26.4253,4.9586,-3.383,111.594,79.736,32.18,0.0022,-4.4995,79.736,39.9054,-8.712,-0.0213,-4.5971,39.9054,0,0,0,100.62,111.594,-21.599,-1.4548,9.4217,111.594,75.3118,17.3209,-0.0003,-3.9846,75.3118,25.3997,-8.9915,0.0155,15.7955,25.3997,
10,14.1712,6.2818,-8.2273,0,115.685,100.44,116.353,0,0,0,115.685,0.360452,0,0,0,0.360452,14.0707,3.26219,14.0707,7.2423,7.4325,0.4446,3.26219,29.1581,0,0,0,29.1581,0,-24.1292,14.0024,8.1141,0,0,0,0,14.0707,96.6539,45.1483,56.8028,26.1313,96.6539,63.2445,-12.0698,84.7921,-9.9622,63.2445,85.0716,-11.9015,-3.4963,-4.1001,85.0716,0,0,0,14.0707,96.6539,38.6341,15.6281,-89.9197,96.6539,73.9523,-25.6059,-77.2165,38.3558,73.9523,94.4357,-9.1248,1.9465,5.699,94.4357,0,0,0,116.353,111.594,-26.5301,4.9998,-2.8251,111.594,79.8245,33.2135,0.0089,-5.7322,79.8245,41.0323,-8.7722,-0.0869,-4.6033,41.0323,0,0,0,100.44,111.594,-20.3579,-0.4217,8.481,111.594,73.9931,19.2806,-0.0014,-5.3893,73.9931,27.5967,-9.0386,0.0632,15.7963,27.5967,
11,15.0531,6.0757,-8.8268,0,116.32,100.782,116.453,0,0,0,116.32,0.360994,0,0,0,0.360994,14.0707,3.26225,14.0707,7.4024,5.7933,-0.029,3.26225,29.3738,0,0,0,29.3738,0,-24.1755,11.9226,10.1277,0,0,0,0,14.0707,96.6539,43.9146,56.0195,26.2406,96.6539,62.2797,-13.4435,85.8038,-9.7057,62.2797,86.3074,-12.1395,-3.3895,-4.1756,86.3074,0,0,0,14.0707,96.6539,41.6522,11.8954,-93.7246,96.6539,78.6291,-26.8831,-78.0193,39.4503,78.6291,96.3593,-9.4872,2.0383,5.809,96.3593,0,0,0,116.453,111.594,-27.1104,4.9614,-2.0919,111.594,80.3882,33.385,0.005,-5.9996,80.3882,41.2275,-8.7202,-0.0488,-4.5996,41.2275,0,0,0,100.782,111.594,-20.355,-0.7694,8.4423,111.594,73.9861,20.3195,-0.0008,-5.021,73.9861,28.5331,-8.9979,0.0355,15.7939,28.5331,
12,16.0271,5.4321,-9.6487,0,117.025,101.402,116.308,0,0,0,117.025,0.360994,0,0,0,0.360994,14.0707,3.26219,14.0707,7.6275,4.2441,-0.6269,3.26219,29.6472,0,0,0,29.6472,0,-24.1147,10.7781,12.2528,0,0,0,0,14.0707,96.6539,42.9081,55.1302,26.5279,96.6539,61.419,-14.2249,85.6263,-8.6974,61.419,86.0456,-12.0533,-3.4408,-4.2767,86.0456,0,0,0,14.0707,96.6539,43.5194,9.3102,-95.9601,96.6539,81.8135,-26.6802,-77.6138,39.3399,81.8135,95.8651,-9.9348,2.0981,5.9713,95.8651,0,0,0,116.308,111.594,-27.8707,4.9668,-1.4069,111.594,81.1376,32.6211,0.001,-6.2357,81.1376,40.4954,-8.6183,-0.0094,-4.5965,40.4954,0,0,0,101.402,111.594,-21.9428,-2.6307,9.0787,111.594,75.6186,20.853,-0.0002,-3.3876,75.6186,28.7803,-8.9181,0.0068,15.7942,28.7803,
13,16.6492,5.0673,-10.1092,0,117.338,101.672,116.248,0,0,0,117.338,0.360452,0,0,0,0.360452,14.0707,3.26225,14.0707,6.9185,3.373,-1.0275,3.26225,28.966,0,0,0,28.966,0,-23.6663,8.7044,10.9854,0,0,0,0,14.0707,96.6539,43.3313,54.3638,25.68,96.6539,60.1205,-16.4328,82.5573,-9.3414,60.1205,83.7001,-10.9701,-3.4712,-4.2946,83.7001,0,0,0,14.0707,96.6539,41.6132,9.1134,-96.1414,96.6539,82.3854,-23.6263,-73.6814,35.5531,82.3854,89.1032,-9.4743,2.0586,6.0075,89.1032,0,0,0,116.248,111.594,-28.4219,5.1228,-0.9676,111.594,81.684,31.7845,-0.0006,-6.492,81.684,39.6968,-8.6534,0.0059,-4.6002,39.6968,0,0,0,101.672,111.594,-24.2247,-4.8149,9.5844,111.594,77.9281,21.8635,0,-2.1872,77.9281,29.6367,-8.9393,-0.0043,15.7954,29.6367,
14,17.6543,4.5066,-9.9565,0,118.056,102.316,116.08,0,0,0,118.056,0.359909,0,0,0,0.359909,14.0707,3.26219,14.0707,6.3258,2.0202,-1.2798,3.26219,28.3833,0,0,0,28.3833,0,-23.5101,6.2696,9.4056,0,0,0,0,14.0707,96.6539,43.4817,52.8146,24.2729,96.6539,57.5497,-21.9708,76.868,-9.7931,57.5497,79.5132,-8.5516,-3.2003,-4.2309,79.5132,0,0,0,14.0707,96.6539,38.4721,9.938,-94.5676,96.6539,80.9543,-19.8937,-66.2311,28.0556,80.9543,77.2423,-8.0634,1.9789,5.944,77.2423,0,0,0,116.08,111.594,-29.1342,5.7034,-1.1539,111.594,82.3967,30.9167,-0.0006,-6.6657,82.3967,38.8609,-8.6891,0.0059,-4.6013,38.8609,0,0,0,102.316,111.594,-26.3391,-6.8714,9.5144,111.594,80.0164,22.2462,0,-1.6362,80.0164,29.9673,-8.957,-0.0043,15.7946,29.9673,
15,18.3387,3.9857,-9.0487,0,118.522,102.896,115.799,0,0,0,118.522,0.360452,0,0,0,0.360452,14.0707,3.26225,14.0707,6.6577,0.8438,-1.2153,3.26225,28.6996,0,0,0,28.6996,0,-24.0241,5.9813,10.1323,0,0,0,0,14.0707,96.6539,41.674,50.8515,23.6794,96.6539,54.788,-26.3834,71.9811,-6.0887,54.788,73.8505,-6.3855,-2.8124,-4.1807,73.8505,0,0,0,14.0707,96.6539,36.0689,9.9492,-92.7979,96.6539,79.6344,-17.4304,-60.5378,22.3801,79.6344,68.3921,-6.6313,1.9488,5.916,68.3921,0,0,0,115.799,111.594,-29.5824,6.2425,-2.1854,111.594,82.8582,30.5588,-0.0002,-7.1517,82.8582,38.5704,-8.638,0.0023,-4.5981,38.5704,0,0,0,102.896,111.594,-27.4695,-7.582,8.6969,111.594,81.0684,21.5489,0,-1.2,81.0684,29.2388,-8.925,-0.0016,15.7942,29.2388,
16,18.6564,3.5502,-7.7821,0,118.678,103.298,115.489,0,0,0,118.678,0.359909,0,0,0,0.359909,14.0707,3.26219,14.0707,6.9135,0.4936,-1.3345,3.26219,28.9569,0,0,0,28.9569,0,-24.5045,6.3493,10.986,0,0,0,0,14.0707,96.6539,39.6616,50.2798,23.9982,96.6539,54.0262,-28.0858,68.6812,-2.1735,54.0262,68.847,-5.4764,-2.5724,-4.1434,68.847,0,0,0,14.0707,96.6539,33.5959,10.4318,-91.0764,96.6539,78.2019,-15.9952,-60.0588,21.2157,78.2019,66.856,-5.6384,1.9771,5.8611,66.856,0,0,0,115.489,111.594,-29.5066,6.5677,-3.4354,111.594,82.8124,30.4586,0,-7.9518,82.8124,38.5862,-8.6142,0,-4.5968,38.5862,0,0,0,103.298,111.594,-28.0961,-6.5351,7.9328,111.594,81.638,21.2788,0,-1.0347,81.638,28.958,-8.9226,0,15.7948,28.958,
17,19.7179,2.8064,-6.565,0,119.698,104.227,115.221,0,0,0,119.698,0.359909,0,0,0,0.359909,14.0707,3.26219,14.0707,6.5368,0.4857,-1.7757,3.26219,28.6057,0,0,0,28.6057,0,-24.3003,5.3726,10.3398,0,0,0,0,14.0707,96.6539,39.8329,51.1008,26.2103,96.6539,56.6077,-31.5606,65.2536,-1.6891,56.6077,65.4882,-5.2819,-2.4269,-4.015,65.4882,0,0,0,14.0707,96.6539,32.0731,13.4467,-87.7372,96.6539,74.2638,-15.4489,-62.2427,21.0315,74.2638,68.5286,-4.5731,1.9201,5.6002,68.5286,0,0,0,115.221,111.594,-29.4696,7.5363,-4.3741,111.594,82.805,30.0025,0,-8.626,82.805,38.2486,-8.6392,-0.0006,-4.5979,38.2486,0,0,0,104.227,111.594,-28.8351,-5.4529,7.5243,111.594,82.3493,21.06,0,-1.7213,82.3493,28.7931,-8.9394,0.0004,15.7948,28.7931,
18,20.8817,2.5141,-5.8672,0,120.917,104.718,115.523,0,0,0,120.917,0.359909,0,0,0,0.359909,14.0707,3.26225,14.0707,6.1288,0.927,-1.5314,3.26225,28.1901,0,0,0,28.1901,0,-23.8463,4.7375,8.409,0,0,0,0,14.0707,96.6539,40.3718,51.416,29.0126,96.6539,59.3124,-36.4043,61.4757,-1.9962,59.3124,62.3207,-5.303,-2.3473,-3.814,62.3207,0,0,0,14.0707,96.6539,33.5038,17.3779,-82.7945,96.6539,68.0675,-14.7922,-63.7608,19.8595,68.0675,69.1508,-4.9283,1.813,5.2923,69.1508,0,0,0,115.523,111.594,-29.662,8.3263,-4.7611,111.594,83.0099,29.6873,0,-8.7059,83.0099,37.9551,-8.6347,-0.0003,-4.5976,37.9551,0,0,0,104.718,111.594,-29.3613,-5.6236,7.0528,111.594,82.8419,20.2791,0,-2.2888,82.8419,28.0729,-8.9316,0.0002,15.7944,28.0729,
19,21.2004,2.1204,-6.1492,0,121.26,104.904,115.556,0,0,0,121.26,0.360452,0,0,0,0.360452,14.0707,3.26207,14.0707,5.7033,1.8485,-0.4871,3.26207,27.721,0,0,0,27.721,0,-23.7534,4.8513,4.9205,0,0,0,0,14.0707,96.6539,37.1242,42.8876,35.1574,96.6539,55.8579,-37.3348,61.4728,-4.1097,55.8579,63.7659,-5.4372,-2.3612,-3.6682,63.7659,0,0,0,14.0707,96.6539,36.0109,18.7145,-78.3374,96.6539,62.8668,-13.437,-63.401,18.4894,62.8668,67.7771,-7.7852,1.8596,5.1572,67.7771,0,0,0,115.556,111.594,-30.0894,7.7998,-4.3351,111.594,83.4216,29.3296,0,-8.2123,83.4216,37.523,-8.617,0,-4.5966,37.523,0,0,0,104.904,111.594,-29.7451,-6.1822,6.882,111.594,83.2118,19.9811,0,-1.9126,83.2118,27.7374,-8.924,0,15.7946,27.7374,
20,21.3789,1.062,-6.7384,0,121.476,105.662,114.915,0,0,0,121.476,0.359909,0,0,0,0.359909,14.0707,3.26219,14.0707,5.4758,3.4078,0.3926,3.26219,27.46,0,0,0,27.46,0,-24.0067,6.2893,2.1754,0,0,0,0,14.0707,96.6539,28.8508,20.4156,49.6911,96.6539,50.1305,-33.7131,68.5707,-10.1128,50.1305,74.0105,-5.5769,-2.4037,-3.6597,74.0105,0,0,0,14.0707,96.6539,37.4796,17.7019,-75.6586,96.6539,60.3051,-12.3438,-63.0554,18.1737,60.3051,66.956,-10.5936,1.997,5.1787,66.956,0,0,0,114.915,111.594,-30.743,7.1549,-4.2638,111.594,84.0741,28.8585,0,-7.5023,84.0741,36.9503,-8.6253,0,-4.5971,36.9503,0,0,0,105.662,111.594,-30.1616,-6.2036,7.085,111.594,83.6399,19.8536,0,-1.551,83.6399,27.5769,-8.9316,0,15.7947,27.5769,
21,21.3727,0.5583,-7.0529,0,121.56,105.926,114.699,0,0,0,121.56,0.360994,0,0,0,0.360994,14.0707,3.26219,14.0707,5.7317,4.72,0.3815,3.26219,27.6997,0,0,0,27.6997,0,-24.2622,8.9576,1.8071,0,0,0,0,14.0707,96.6539,22.4081,5.2307,60.0327,96.6539,52.9025,-32.6839,72.8272,-14.5169,52.9025,80.5642,-5.5809,-2.4027,-3.7431,80.5642,0,0,0,14.0707,96.6539,38.5918,17.2116,-74.5478,96.6539,59.1322,-12.0631,-63.6695,18.2984,59.1322,67.4692,-11.7263,2.1516,5.2705,67.4692,0,0,0,114.699,111.594,-30.9831,7.3365,-4.9133,111.594,84.3395,28.8436,0,-7.5472,84.3395,36.9425,-8.6308,0,-4.5973,36.9425,0,0,0,105.926,111.594,-30.3248,-6.1738,7.055,111.594,83.8008,19.4131,0,-1.5168,83.8008,27.1352,-8.9324,0,15.7946,27.1352,
22,21.0649,0.4957,-7.2253,0,121.372,105.696,114.813,0,0,0,121.372,0.359909,0,0,0,0.359909,14.0707,3.26219,14.0707,5.5887,4.5597,-0.0151,3.26219,27.5756,0,0,0,27.5756,0,-24.1872,9.0736,0.8772,0,0,0,0,14.0707,96.6539,21.6307,6.3735,59.3611,96.6539,52.4509,-36.3785,70.795,-15.1385,52.4509,79.9412,-5.2932,-2.3261,-3.7954,79.9412,0,0,0,14.0707,96.6539,39.597,17.4916,-74.4774,96.6539,58.6913,-12.1797,-63.4837,17.6368,58.6913,67.0911,-10.5201,2.1985,5.283,67.0911,0,0,0,114.813,111.594,-30.7579,8.121,-5.3197,111.594,84.13,28.7588,0,-8.5215,84.13,37.0185,-8.6227,0,-4.5969,37.0185,0,0,0,105.696,111.594,-30.4378,-6.3496,6.6745,111.594,83.8894,19.1572,0,-1.3973,83.8894,26.8701,-8.9274,0,15.7946,26.8701,
23,21.5931,-0.2113,-7.0637,0,122.113,106.306,114.664,0,0,0,122.113,0.359909,0,0,0,0.359909,14.0707,3.26213,14.0707,5.1021,3.7083,-0.1374,3.26213,27.1017,0,0,0,27.1017,0,-23.8836,7.4351,0.1184,0,0,0,0,14.0707,96.6539,20.1837,4.6135,59.4335,96.6539,51.9777,-39.053,71.9399,-17.6405,51.9777,83.4097,-4.5794,-2.1864,-3.7587,83.4097,0,0,0,14.0707,96.6539,38.2224,19.0587,-75.363,96.6539,59.4079,-12.1476,-63.9694,17.6357,59.4079,67.5279,-6.9048,1.9428,5.1114,67.5279,0,0,0,114.664,111.594,-31.0579,8.8319,-6.198,111.594,84.471,27.8341,0,-9.4289,84.471,36.2915,-8.6226,0,-4.5969,36.2915,0,0,0,106.306,111.594,-30.7257,-7.033,5.8159,111.594,84.1264,19.2775,0,-1.7424,84.1264,27.0209,-8.929,0,15.7947,27.0209,
24,21.7688,-1.2168,-6.9877,0,122.553,106.859,114.378,0,0,0,122.553,0.360452,0,0,0,0.360452,14.0707,3.26213,14.0707,5.0949,3.8595,-0.1455,3.26213,27.094,0,0,0,27.094,0,-24.0768,8.8016,1.9121,0,0,0,0,14.0707,96.6539,16.3075,-0.051,60.4512,96.6539,52.126,-37.9021,73.5839,-19.2818,52.126,85.744,-3.8321,-2.091,-3.6887,85.744,0,0,0,14.0707,96.6539,35.1504,21.9538,-76.8003,96.6539,60.9473,-11.9005,-66.3052,18.6476,60.9473,69.9591,-4.075,1.6087,4.884,69.9591,0,0,0,114.378,111.594,-31.7367,8.8538,-7.7944,111.594,85.2458,26.9628,0,-9.8486,85.2458,35.5391,-8.6298,0,-4.5972,35.5391,0,0,0,106.859,111.594,-30.7855,-8.253,4.2972,111.594,84.1139,19.5801,0,-2.1757,84.1139,27.3661,-8.9313,0,15.7946,27.3661,
25,20.3169,-1.8576,-7.4855,0,121.258,106.167,114.255,0,0,0,121.258,0.359909,0,0,0,0.359909,14.0707,3.26219,14.0707,5.0323,5.417,0.0758,3.26219,27.0062,0,0,0,27.0062,0,-24.6957,11.8418,2.4074,0,0,0,0,14.0707,96.6539,14.2328,0.8088,58.5697,96.6539,50.2979,-34.3524,68.8816,-18.8051,50.2979,79.9123,-3.5277,-2.0831,-3.6378,79.9123,0,0,0,14.0707,96.6539,34.2853,23.2808,-78.2082,96.6539,62.1942,-11.181,-67.4943,18.9802,62.1942,70.9055,-3.5364,1.4572,4.7516,70.9055,0,0,0,114.255,111.594,-32.095,8.8805,-8.9225,111.594,85.6851,27.0392,0,-9.905,85.6851,35.625,-8.6317,0,-4.5973,35.625,0,0,0,106.167,111.594,-30.3886,-8.4444,2.2996,111.594,83.6598,19.3087,0,-1.2822,83.6598,27.0116,-8.9292,0,15.7946,27.0116,
26,18.9288,-1.9239,-7.9739,0,119.852,104.745,114.789,0,0,0,119.852,0.359909,0,0,0,0.359909,14.0707,3.26219,14.0707,4.869,6.6846,0.5054,3.26219,26.8003,0,0,0,26.8003,0,-25.0447,13.1697,1.2653,0,0,0,0,14.0707,96.6539,15.5005,2.5946,57.9406,96.6539,49.8694,-31.4169,64.0339,-19.9366,49.8694,75.1651,-3.791,-2.1505,-3.6813,75.1651,0,0,0,14.0707,96.6539,36.1175,23.0673,-79.4113,96.6539,62.5922,-10.1824,-67.7809,18.7972,62.5922,70.744,-4.7816,1.5669,4.8108,70.744,0,0,0,114.789,111.594,-31.4925,9.1599,-8.9238,111.594,85.0841,26.8624,0,-9.8004,85.0841,35.432,-8.63,0,-4.5973,35.432,0,0,0,104.745,111.594,-29.8721,-7.8555,0.8721,111.594,83.1268,18.4863,0,-0.4319,83.1268,26.1349,-8.9288,0,15.7946,26.1349,
27,18.5154,-2.0008,-7.9981,0,119.337,103.676,115.547,0,0,0,119.337,0.359909,0,0,0,0.359909,14.0707,3.26219,14.0707,5.2129,6.2601,0.7127,3.26219,27.1421,0,0,0,27.1421,0,-25.1491,12.5994,2.0297,0,0,0,0,14.0707,96.6539,20.8899,1.5542,61.2809,96.6539,53.249,-29.6013,66.8919,-18.3731,53.249,76.3172,-4.4175,-2.2629,-3.7767,76.3172,0,0,0,14.0707,96.6539,37.868,23.4279,-80.7431,96.6539,62.9891,-9.2323,-69.1131,18.9194,62.9891,71.6556,-6.4625,1.812,5.0105,71.6556,0,0,0,115.547,111.594,-30.5976,9.2809,-8.7159,111.594,84.1763,26.6494,0,-9.6051,84.1763,35.1846,-8.6312,0,-4.5973,35.1846,0,0,0,103.676,111.594,-29.8055,-7.4157,0.7836,111.594,83.0609,18.3921,0,-1.0621,83.0609,26.0808,-8.9302,0,15.7946,26.0808,
28,18.3616,-2.4419,-7.8025,0,119.077,103.094,115.974,0,0,0,119.077,0.360452,0,0,0,0.360452,14.0707,3.26225,14.0707,5.7298,4.6834,0.4534,3.26225,27.6958,0,0,0,27.6958,0,-25.5834,10.2764,3.591,0,0,0,0,14.0707,96.6539,31.3728,-0.0063,69.2388,96.6539,60.7985,-27.2175,71.5643,-15.5549,60.7985,78.452,-4.9108,-2.3299,-3.7669,78.452,0,0,0,14.0707,96.6539,36.5076,23.3019,-83.27,96.6539,65.7588,-9.2917,-70.7147,19.6805,65.7588,73.368,-5.4712,1.8579,5.0763,73.368,0,0,0,115.974,111.594,-30.5742,8.8149,-9.1913,111.594,84.1933,27.5594,0,-8.664,84.1933,35.877,-8.6327,0,-4.5974,35.877,0,0,0,103.094,111.594,-29.3777,-6.219,0.4601,111.594,82.6347,19.8141,0,-1.36,82.6347,27.5215,-8.9298,0,15.7946,27.5215,
29,15.7355,-1.2089,-6.8314,0,116.369,100.262,117.031,0,0,0,116.369,0.360994,0,0,0,0.360994,14.0707,3.26219,14.0707,5.6888,2.7836,0.0186,3.26219,27.6878,0,0,0,27.6878,0,-25.5069,5.838,3.2463,0,0,0,0,14.0707,96.6539,41.5627,0.1568,77.5495,96.6539,68.9339,-23.7659,70.1555,-14.3611,68.9339,75.5339,-5.082,-2.3329,-3.7151,75.5339,0,0,0,14.0707,96.6539,33.2529,22.2514,-86.2765,96.6539,69.9381,-9.6114,-71.4465,20.0348,69.9381,74.2617,-2.8571,1.7484,4.9568,74.2617,0,0,0,117.031,111.594,-27.4416,7.957,-9.597,111.594,81.1155,27.2079,0,-7.6044,81.1155,35.3495,-8.6318,0,-4.5973,35.3495,0,0,0,100.262,111.594,-26.6293,-5.0307,-1.2072,111.594,79.8966,21.6354,0,-2.1254,79.8966,29.4037,-8.9292,0,15.7946,29.4037,
30,11.4896,0.9132,-5.818,0,111.974,95.8594,118.38,0,0,0,111.974,0.359909,0,0,0,0.359909,14.0707,3.26219,14.0707,5.1842,1.3794,-0.2913,3.26219,27.1957,0,0,0,27.1957,0,-24.1103,1.8587,2.17,0,0,0,0,14.0707,96.6539,43.754,3.1293,79.0678,96.6539,72.0465,-21.6766,66.1449,-12.4712,72.0465,70.2428,-5.1278,-2.3457,-3.7789,70.2428,0,0,0,14.0707,96.6539,32.7692,21.6297,-87.9629,96.6539,71.8016,-8.1086,-71.2005,18.4234,71.8016,73.023,-2.4614,1.7808,5.0094,73.023,0,0,0,118.38,111.594,-20.394,5.9954,-7.3986,111.594,73.925,23.9304,0,-8.1071,73.925,32.2447,-8.6316,0,-4.5973,32.2447,0,0,0,95.8594,111.594,-20.7025,-4.5218,-1.2166,111.594,73.9712,20.668,0,-3.7686,73.9712,28.6544,-8.9371,0,13.7117,28.6544,
31,10.8183,1.3652,-5.9559,0,110.752,93.8021,119.596,0,0,0,110.752,0.359365,0,0,0,0.359365,14.0707,3.26219,14.0707,5.4923,-0.2027,-1.1301,3.26219,27.5198,0,0,0,27.5198,0,-23.0513,0.1673,4.4048,0,0,0,0,14.0707,96.6539,38.7875,13.8825,70.5791,96.6539,69.1545,-26.061,69.4591,-14.6965,69.1545,75.6696,-6.2423,-2.5191,-3.997,75.6696,0,0,0,14.0707,96.6539,35.8917,21.1718,-90.3958,96.6539,73.0665,-9.9159,-75.1616,20.7889,73.0665,77.9766,-5.156,2.1085,5.4615,77.9766,0,0,0,119.596,111.594,-18.0896,1.6703,-2.3875,111.594,71.382,21.6784,0,-7.3121,71.382,29.8995,-8.8446,0,-4.8677,29.8995,0,0,0,93.8021,111.594,-16.9229,-3.8141,0.9156,111.594,70.1874,18.8355,0,-3.1001,70.1874,26.7453,-8.3415,0,8.329,26.7453,
32,12.5246,1.7504,-6.1805,0,111.49,92.7658,121.277,0,0,0,111.49,0.360452,0,0,0,0.360452,14.0707,3.26225,14.0707,6.9365,-2.6756,-2.259,3.26225,28.9593,0,0,0,28.9593,0,-22.8624,-1.0256,9.534,0,0,0,0,14.0707,96.6539,35.5266,32.1356,55.5867,96.6539,65.0623,-34.539,79.8539,-21.2573,65.0623,91.7992,-9.3113,-3.0045,-4.2273,91.7992,0,0,0,14.0707,96.6539,39.613,9.8803,-89.3809,96.6539,75.7739,-16.7921,-80.3351,27.0276,75.7739,87.5605,-8.7335,2.6497,5.9761,87.5605,0,0,0,121.277,111.594,-21.4901,-2.3901,1.496,111.594,74.7631,21.21,0,-3.2984,74.7631,28.9018,-9.1884,0,-5.3057,28.9018,0,0,0,92.7658,111.594,-19.9634,-4.2318,1.4338,111.594,73.233,20.3887,0,-0.8528,73.233,28.0582,-7.3568,0,4.9205,28.0582,
33,13.2244,2.6871,-7.1443,0,110.676,90.8459,122.679,0,0,0,110.676,0.360994,0,0,0,0.360994,14.0707,3.26219,14.0707,8.423,-4.0451,-2.7424,3.26219,30.4214,0,0,0,30.4214,0,-22.5484,-1.3166,13.5815,0,0,0,0,14.0707,96.6539,37.4757,46.5496,41.7397,96.6539,64.5689,-39.1666,83.9497,-24.4862,64.5689,99.2449,-13.9081,-4.2297,-4.4218,99.2449,0,0,0,14.0707,96.6539,40.5898,-23.9233,-74.6862,96.6539,79.4382,-19.4079,-71.3652,25.2247,79.4382,80.167,-11.8782,4.2718,6.3512,80.167,0,0,0,122.679,111.594,-23.0523,-4.2739,2.5343,111.594,76.3424,20.6553,0,-0.0235,76.3424,28.2826,-9.35,0,-5.226,28.2826,0,0,0,90.8459,111.594,-22.9863,-6.3214,1.1652,111.594,76.2479,23.1449,0,1.3573,76.2479,30.7562,-7.6583,0,5.4831,30.7562,
34,14.154,4.0412,-8.9252,0,109.712,88.5252,124.385,0,0,0,109.712,0.360994,0,0,0,0.360994,14.0707,3.26225,14.0707,8.6494,-3.5511,-3.0218,3.26225,30.6801,0,0,0,30.6801,0,-22.4419,-0.1416,13.4909,0,0,0,0,14.0707,96.6539,39.1308,51.7555,34.8821,96.6539,63.9906,-39.6228,80.67,-24.301,63.9906,96.2567,-18.7246,-6.11,-4.6633,96.2567,0,0,0,14.0707,96.6539,37.8156,-45.262,-56.8403,96.6539,76.4015,-18.0355,-58.6491,20.3813,76.4015,65.9294,-14.6591,7.4261,6.7536,65.9294,0,0,0,124.385,111.594,-23.2678,-4.6255,3.1091,111.594,76.5728,22.0013,0,0.1257,76.5728,29.6329,-9.5072,0,-4.9626,29.6329,0,0,0,88.5252,111.594,-22.4776,-7.587,1.6661,111.594,75.7423,24.1849,0,3.4908,75.7423,31.8779,-8.4571,0,5.0285,31.8779,
35,15.5602,6.0851,-9.5363,0,109.778,86.2514,126.902,0,0,0,109.778,0.360452,0,0,0,0.360452,14.0707,3.26225,14.0707,7.4281,-1.7437,-3.1165,3.26225,29.5351,0,0,0,29.5351,0,-23.1248,1.3814,8.8288,0,0,0,0,14.0707,96.6539,39.3429,54.4984,34.0963,96.6539,65.8666,-39.4589,80.4288,-24.1001,65.8666,95.8431,-20.1292,-7.0842,-4.8543,95.8431,0,0,0,14.0707,96.6539,34.161,-34.4061,-53.7695,96.6539,64.4463,-17.9017,-59.0477,20.6251,64.4463,66.3633,-15.5298,9.871,7.1272,66.3633,0,0,0,126.902,111.594,-25.3927,-4.0673,5.0421,111.594,78.7729,23.9536,0,-1.7629,78.7729,31.5703,-9.6299,0,-5.0973,31.5703,0,0,0,86.2514,111.594,-22.6876,-6.9728,1.5817,111.594,75.9528,23.3124,0,3.6694,75.9528,31.0223,-8.118,0,3.5062,31.0223,
36,15.3598,7.1976,-9.4578,0,109.09,84.6927,128.019,0,0,0,109.09,0.359909,0,0,0,0.359909,14.0707,3.26219,14.0707,6.287,-0.2256,-2.9958,3.26219,28.439,0,0,0,28.439,0,-23.5971,1.5451,4.636,0,0,0,0,14.0707,96.6539,40.2958,58.4243,33.3594,96.6539,69.1347,-38.9258,83.3427,-25.0256,69.1347,98.9294,-16.9132,-6.3398,-4.8997,98.9294,0,0,0,14.0707,96.6539,31.8233,-36.1295,-59.3167,96.6539,69.5505,-17.6983,-60.0066,19.8682,69.5505,66.7871,-14.0956,10.3394,7.3152,66.7871,0,0,0,128.019,111.594,-27.7699,-3.2567,6.1372,111.594,81.2057,24.0312,0,-2.7357,81.2057,31.6807,-9.6129,0,-5.1834,31.6807,0,0,0,84.6927,111.594,-24.3483,-4.9822,0.6244,111.594,77.6086,22.5484,0,2.4355,77.6086,30.1874,-7.7996,0,3.6096,30.1874,
